{
    "loss": [
        0.404430047533978,
        0.31358815164401616,
        0.2923059432670987,
        0.2812803545217405,
        0.2746542358192903,
        0.2718254315784606,
        0.26570898380087704,
        0.26520201015746475,
        0.2609961860138794,
        0.25628876840246134,
        0.2552374366713668,
        0.2533312527270153,
        0.25237950477106824,
        0.24837394469770893,
        0.24873629863234775,
        0.24508833508381897,
        0.24285190492525868,
        0.24447453484453005,
        0.2405893823196148,
        0.24178628349441222,
        0.23853026707282013,
        0.2355481302258612,
        0.23755115253486853,
        0.2352770513844216,
        0.23616694496280846,
        0.23306999124329666,
        0.2314742798435277,
        0.2307304032575125,
        0.22926889565484276,
        0.2286065731240415,
        0.2255232829129559,
        0.2279659203071704,
        0.22482169462346482,
        0.2237202718682673,
        0.22424891967883057,
        0.22431336874249339,
        0.2214442385339189,
        0.21991632313563905,
        0.22006597378473172,
        0.2199892002618176,
        0.2181025719505617,
        0.21881304235979057,
        0.2177953101780223,
        0.21569624252017888,
        0.21493119429582838,
        0.21573545398383304,
        0.21702461989446617,
        0.21418024034335695,
        0.21275039770822415,
        0.21535944784509725
    ],
    "lr": [
        0.029819345890579656,
        0.029819345890579656,
        0.029819345890579656,
        0.029819345890579656,
        0.029819345890579656,
        0.029819345890579656,
        0.029819345890579656,
        0.029819345890579656,
        0.029819345890579656,
        0.029819345890579656,
        0.029819345890579656,
        0.029819345890579656,
        0.029819345890579656,
        0.029819345890579656,
        0.029819345890579656,
        0.029819345890579656,
        0.029819345890579656,
        0.029819345890579656,
        0.029819345890579656,
        0.029819345890579656,
        0.029819345890579656,
        0.029819345890579656,
        0.029819345890579656,
        0.029819345890579656,
        0.029819345890579656,
        0.029819345890579656,
        0.029819345890579656,
        0.029819345890579656,
        0.029819345890579656,
        0.029819345890579656,
        0.029819345890579656,
        0.029819345890579656,
        0.029819345890579656,
        0.029819345890579656,
        0.029819345890579656,
        0.029819345890579656,
        0.029819345890579656,
        0.029819345890579656,
        0.029819345890579656,
        0.029819345890579656,
        0.029819345890579656,
        0.029819345890579656,
        0.029819345890579656,
        0.029819345890579656,
        0.029819345890579656,
        0.029819345890579656,
        0.029819345890579656,
        0.029819345890579656,
        0.029819345890579656,
        0.029819345890579656
    ],
    "train_logloss": [
        0.3183326107747434,
        0.28956010160077716,
        0.27964258151992927,
        0.2680567398028301,
        0.2752882562336602,
        0.26033465638982084,
        0.2556770702005142,
        0.2569756920780051,
        0.25818871463074194,
        0.2555835595384861,
        0.25071388262852257,
        0.2578765774822594,
        0.24901220120113338,
        0.25062893512540374,
        0.24848860276106252,
        0.23811531223945773,
        0.2420989948539681,
        0.2411734733092822,
        0.2290684644745311,
        0.23032239715941066,
        0.23361656687920515,
        0.22847937181981018,
        0.23407198191277848,
        0.23351889662250552,
        0.22541709173393046,
        0.22861313235840586,
        0.22484313150409382,
        0.22482575598954327,
        0.22672472475320612,
        0.21948075049908816,
        0.22738658676854973,
        0.22429964612627837,
        0.22192901377603885,
        0.22271246750639714,
        0.2164765717312328,
        0.22221673754012802,
        0.21914745482681078,
        0.2160734158855753,
        0.21196016701700418,
        0.20886763075870945,
        0.21949475686033385,
        0.2190087321761004,
        0.20681866697445703,
        0.20977602946939808,
        0.2172151096486538,
        0.2035938022894197,
        0.2124678857142546,
        0.20919120873932814,
        0.21516910822133248,
        0.2151711545333264
    ],
    "train_accuracy": [
        0.8631612556294952,
        0.8769353140194035,
        0.8810748134704578,
        0.8888888888888888,
        0.8841220228092581,
        0.8922161726154466,
        0.895033720956286,
        0.8933252671909659,
        0.8936837624072954,
        0.8944231587909749,
        0.8965013107481347,
        0.8933420716542314,
        0.897688826152226,
        0.8943559409379132,
        0.8994420918195872,
        0.9014082140216442,
        0.8980921332705967,
        0.9013746050951132,
        0.9065111693665837,
        0.9057941789339249,
        0.9052172256951446,
        0.9059958324931102,
        0.9026349398400215,
        0.9050995944522865,
        0.9070657166543434,
        0.907429813358428,
        0.9085333064461921,
        0.9086341332257848,
        0.9075978579910824,
        0.9096928144115077,
        0.9065335753176044,
        0.9075306401380207,
        0.9099112724339584,
        0.9089814254666039,
        0.9115861172727476,
        0.9088133808339495,
        0.9103649929421255,
        0.9121070556339764,
        0.9124879568013264,
        0.9137258855952141,
        0.9103986018686563,
        0.9097712352400797,
        0.9152438887768591,
        0.913686675180928,
        0.9109027357666196,
        0.9166050503013601,
        0.9126728058972463,
        0.9148573861217539,
        0.9119950258788734,
        0.9119278080258116
    ],
    "train_auc": [
        0.9355419767638492,
        0.9469343584827293,
        0.951879829920024,
        0.9545489736216869,
        0.9536524230291625,
        0.9573218317243216,
        0.9581829529634964,
        0.9575411877065726,
        0.9575935945873943,
        0.9579503240220879,
        0.9603106862640499,
        0.9604798465302808,
        0.9601535676830792,
        0.9596334100171496,
        0.9609933696334271,
        0.9636163185050872,
        0.9632475987301095,
        0.9626007969520852,
        0.966075369499235,
        0.9657409120320644,
        0.964996125939845,
        0.9673223636947257,
        0.9650850912607272,
        0.9648352810459311,
        0.9677805748723433,
        0.9671001139171569,
        0.9683714849099665,
        0.9683603803176561,
        0.9674642963548116,
        0.968919208606395,
        0.9676478865704232,
        0.9680381647622995,
        0.9689993539036028,
        0.9688617220922897,
        0.9701284944103261,
        0.9689826239883781,
        0.969951759031845,
        0.9708756979899384,
        0.971493663939123,
        0.9720058457883127,
        0.9690915861350096,
        0.9694386304743056,
        0.972458281630215,
        0.9716098517756446,
        0.9709173180265526,
        0.9733963562310504,
        0.9712424156879181,
        0.9718015294848906,
        0.9709961787566687,
        0.9701859078976721
    ],